income,loan_amount,existing_debt,duration_months,credit_score,employment_years,outcome
9270,6951,7029,6,630,11,1
2860,22852,6099,12,582,16,1
7390,9007,9499,36,439,8,1
7191,29426,3192,36,700,14,1
13964,10064,3178,24,396,11,1
13284,26828,6052,24,816,1,1
7734,23797,2734,24,368,4,1
8265,24325,6116,6,417,12,1
2466,26890,3568,36,358,19,1
6426,22204,9847,12,332,7,1
7578,16524,9771,24,617,13,1
13636,20282,2203,12,349,14,1
13363,24930,1390,12,788,10,1
13111,1077,1742,24,318,0,0
10322,8577,1925,36,496,2,1
3685,28197,619,24,749,16,1
2769,21611,1274,12,751,18,1
12583,17984,956,24,588,13,1
8949,15060,1939,12,440,7,1
4433,18449,3953,12,383,12,1
7311,19520,968,24,690,19,1
7051,28025,9508,6,514,2,1
8420,11535,9235,24,825,4,1
3184,27439,281,6,514,8,1
6555,10510,6262,12,702,5,1
5385,29173,1058,12,427,1,1
14309,7943,4293,6,776,12,1
8396,12954,5178,12,703,4,1
13096,8804,6980,6,328,7,1
10666,7565,9200,6,637,0,1
11274,6984,1229,12,660,19,0
4558,22526,9227,36,691,11,1
9849,5670,4585,6,517,10,1
4047,19574,8467,24,501,6,1
4747,10184,2740,24,316,14,1
11167,20096,2289,12,621,10,1
11998,3192,1239,36,817,15,0
2189,2248,5370,12,624,2,1
4734,12246,125,36,711,19,1
5005,13790,7473,6,617,13,1
6658,21417,9400,6,381,2,1
3899,19381,5342,6,773,0,1
9734,4687,7351,6,767,14,1
3267,27727,6638,24,724,0,1
3528,5018,6570,24,503,16,1
13394,12302,3249,12,686,1,1
5556,2970,9110,36,397,19,1
5890,9389,7595,6,644,5,1
10838,23149,6294,6,507,7,1
13080,28202,6527,36,813,15,1
7393,18586,5757,36,465,18,1
12627,25519,1969,12,321,0,1
10792,22951,891,36,453,2,1
12555,25051,4470,6,738,2,1
12253,16374,7175,6,594,4,1
10433,23126,9556,6,518,11,1
12233,6788,8320,6,794,11,1
13016,6408,9206,6,529,19,1
9513,27611,9991,12,319,12,1
4612,26053,6812,6,447,19,1
9041,10446,7519,12,407,8,1
11555,1922,4612,6,702,6,0
8235,1419,9710,24,782,3,1
7486,19588,1198,24,666,18,1
9099,11789,5238,24,713,18,1
11670,2120,6089,24,608,5,1
12748,12260,6257,12,433,12,1
2775,18334,7705,12,582,10,1
14206,3336,3719,36,372,12,1
10226,6373,302,6,780,12,0
5152,3243,986,24,651,19,0
12147,20029,4440,12,625,14,1
3585,27433,4909,6,742,12,1
5943,5612,3072,6,399,10,1
9555,14946,3124,12,358,18,1
5073,19249,9519,24,807,7,1
3021,12104,8125,36,557,19,1
13653,14429,3291,6,712,7,1
12805,28429,4033,36,751,9,1
5843,23412,5105,24,364,15,1
9989,24710,703,24,453,18,1
11692,7371,8133,36,565,10,1
14990,7359,574,24,378,12,1
8873,8863,5704,6,614,8,1
7675,4228,7848,36,547,19,1
2161,21103,5208,24,713,18,1
6297,28804,6924,36,324,15,1
12173,15382,3828,6,583,6,1
2995,19755,3230,24,748,18,1
13534,3891,488,6,600,11,0
14743,4756,7114,24,367,14,1
9629,21609,9539,12,306,13,1
13990,16770,3173,24,436,10,1
11467,17478,1667,36,463,9,1
3016,3674,9829,24,382,10,1
9869,7898,4114,6,719,5,1
8439,11147,3553,6,372,1,1
9892,1793,7761,24,536,10,1
8863,27410,1000,36,345,18,1
9916,3116,9042,12,561,5,1
10529,6779,1388,36,475,13,1
2878,13298,5450,12,465,19,1
11268,28901,3712,6,669,5,1
6887,15153,1367,36,353,16,1
14185,12111,8189,12,718,9,1
6859,11789,9013,24,806,0,1
8331,12397,454,6,640,2,1
10571,13999,9816,24,426,7,1
10684,23550,2772,6,708,7,1
9208,1814,3726,36,666,19,0
7276,17729,7232,36,570,14,1
4062,11541,4806,6,678,6,1
14076,25938,2190,6,372,10,1
2064,3443,9108,6,547,6,1
10006,11457,2875,36,342,3,1
4568,11380,5592,12,676,11,1
7463,8783,1440,24,340,5,1
4027,28581,8927,24,469,13,1
4695,12473,6059,36,511,11,1
11687,18368,7010,24,792,10,1
7258,16328,7117,6,338,18,1
7618,25174,9153,12,668,4,1
8736,27215,2989,24,450,13,1
2391,1827,9218,12,410,15,1
14706,28306,6228,6,779,12,1
14666,20915,6471,24,735,19,1
7892,8147,2863,36,346,3,1
5561,5451,1177,12,665,10,1
12470,16343,4760,6,368,16,1
8184,14635,11,12,598,6,1
5099,28511,5252,24,595,13,1
8278,21260,4399,24,502,10,1
10392,6959,8234,36,360,8,1
5104,1126,9135,6,613,12,1
9215,20561,5445,6,460,17,1
14790,28632,6570,36,630,10,1
4454,9795,9196,36,827,14,1
13837,12641,8212,6,637,18,1
10996,23408,406,12,603,0,1
4731,22493,9206,12,802,3,1
12965,21530,4431,36,637,13,1
10154,8196,5243,12,849,13,1
11762,29109,6542,6,574,2,1
7056,12559,6936,24,463,16,1
10110,4368,8906,24,742,2,1
12882,4797,4146,12,618,15,1
5840,16114,140,36,803,13,1
3028,14718,4882,36,686,19,1
9385,2792,6012,36,793,12,0
2502,12053,963,36,789,14,1
8910,23116,7151,36,372,13,1
14685,4476,8564,12,808,18,1
11062,4417,3610,24,689,5,0
8938,2645,9884,24,594,9,1
6488,15755,6894,12,668,14,1
2206,26781,7311,36,848,19,1
7134,20414,105,12,486,5,1
7977,20256,5539,24,744,9,1
9721,4072,9873,6,662,6,1
9035,2854,6787,12,422,16,1
3484,21405,2137,36,487,17,1
9858,5662,4445,24,719,16,1
2863,7514,3530,24,551,8,1
4790,22415,1286,24,848,9,1
9408,3708,7052,24,634,9,1
10755,12694,3654,36,391,6,1
7116,24496,7102,6,829,15,1
14383,10524,2359,24,362,17,1
8019,25777,8105,12,811,5,1
3757,20891,8636,6,438,19,1
9574,7456,6441,24,484,0,1
8374,5212,5047,6,504,0,1
8892,14224,8227,12,513,11,1
3678,8970,5203,24,555,1,1
5242,26150,9667,12,434,3,1
6636,17920,1798,36,387,16,1
3059,2625,9600,24,506,3,1
8668,11314,5291,24,428,10,1
11914,8973,5495,24,302,3,1
13506,9577,9900,24,420,0,1
5157,9070,6284,36,684,6,1
7915,28857,7285,24,337,17,1
12817,9666,1300,6,640,8,1
12921,25993,6869,24,320,2,1
11789,23874,9435,36,541,7,1
13252,4600,3097,24,754,18,0
4693,7783,4616,6,602,3,1
5627,14226,9,36,368,17,1
11555,10146,5752,36,428,19,1
12173,5971,9852,6,495,10,1
7450,14490,6295,6,439,13,1
3663,18589,4815,6,743,17,1
11721,13951,1072,6,582,15,1
12230,13312,3225,6,611,2,1
7592,2990,1316,36,834,14,0
13494,6299,5699,36,576,3,1
12429,13997,6807,24,360,4,1
9392,20956,6674,24,618,16,1
3306,23359,3683,12,351,6,1
14221,14472,7227,24,452,15,1
8776,23704,3273,24,610,13,1
12867,5380,7000,6,843,15,1
7864,29734,145,6,688,6,1
11474,5757,5010,24,847,8,0
9526,20097,3040,12,476,3,1
10901,11395,9654,6,661,10,1
7575,17241,9776,24,613,1,1
7530,6588,482,24,396,11,1
14936,28696,3179,36,512,11,1
6413,18350,1249,12,436,3,1
5748,5944,630,36,305,17,1
14971,14395,8853,12,408,6,1
2663,20816,2852,6,846,0,1
3998,18072,987,12,338,12,1
9994,5243,7622,24,724,5,1
13637,21085,7327,24,560,5,1
13935,25917,9738,12,725,11,1
3495,22566,8841,12,386,7,1
5304,10916,9160,12,764,18,1
5763,24088,1100,36,375,4,1
7232,21806,6652,12,770,17,1
3853,10984,8632,6,713,4,1
8585,2759,7421,36,756,9,1
14851,28788,5016,36,584,0,1
3291,10181,769,12,538,9,1
5581,27838,1343,6,671,4,1
13649,3482,4358,36,794,11,0
9554,25442,9769,24,344,6,1
9280,1951,6780,36,700,8,1
3636,26298,6602,12,546,11,1
5696,28965,2349,6,749,0,1
13191,3079,5699,12,784,10,0
13344,3717,1241,24,317,14,1
2698,27908,1125,24,588,1,1
12352,28952,9382,24,713,19,1
14289,21908,6764,12,534,6,1
6737,10692,5101,36,715,11,1
2854,25861,7843,12,798,17,1
10164,8311,72,6,414,2,1
7855,29071,5472,36,533,6,1
9392,24570,5189,24,839,10,1
8528,19449,2472,12,310,17,1
13666,1768,707,24,505,11,0
7249,6490,1804,24,546,5,1
7172,16534,6704,6,426,4,1
3707,28633,3713,36,446,0,1
12969,29865,5051,6,417,11,1
7791,7645,2475,6,681,10,1
11925,22467,3610,6,711,3,1
7535,6232,4255,24,662,17,1
6931,27737,7397,6,808,3,1
5510,12485,1735,6,436,16,1
2202,6797,9777,36,474,1,1
13447,26522,8258,36,588,1,1
6218,22310,7979,6,780,11,1
14688,23400,2428,36,318,5,1
10958,20719,7426,36,494,9,1
6389,13342,8533,6,629,15,1
4327,9038,5249,24,474,13,1
10004,17002,5291,6,748,6,1
4931,14087,2817,36,653,18,1
9777,5873,9424,24,798,16,1
2197,2481,3874,12,440,8,1
9125,11093,9686,24,392,12,1
3930,23689,4211,36,538,4,1
13774,20835,661,24,504,4,1
8287,29640,3374,6,732,9,1
10800,15422,9208,12,544,9,1
13464,17438,207,12,616,6,1
11339,8643,2665,12,594,14,1
6282,27399,2493,36,581,6,1
13589,20846,6813,36,316,14,1
4511,16708,632,12,370,2,1
11986,12271,3083,24,568,18,1
2659,18216,3719,12,624,9,1
4811,13600,7123,24,604,14,1
9098,11998,1679,24,750,2,1
8546,23338,236,36,306,5,1
11561,15295,7446,24,613,11,1
3986,11682,4443,12,402,14,1
10338,17380,6770,36,492,5,1
13411,9519,9732,6,828,12,1
4911,24605,6099,6,470,18,1
3734,20694,8555,36,836,2,1
3843,4300,2368,12,550,7,1
10680,7722,285,6,686,7,0
4976,8218,148,6,506,19,1
3959,25160,4037,24,840,14,1
7759,21059,6549,24,715,3,1
8694,4054,7121,12,679,18,1
4385,14575,9958,36,443,2,1
13111,8970,4895,12,324,12,1
6736,3143,5280,36,372,7,1
3802,22591,1012,6,392,15,1
10155,10503,9715,24,804,12,1
10120,28767,2785,12,635,2,1
8616,16149,3725,12,724,15,1
7534,19922,4576,36,798,8,1
6061,13175,5782,36,663,13,1
13561,21931,6257,12,498,12,1
2262,23003,9793,36,712,6,1
8287,9356,2408,12,638,14,1
10815,29853,340,12,728,6,1
11208,23996,2817,12,438,5,1
13835,22389,2496,6,841,1,1
4049,16070,5962,36,356,8,1
7423,1822,5299,24,531,16,1
13915,18327,9917,24,734,4,1
6548,15289,7574,36,683,11,1
5108,7150,1689,12,493,0,1
14282,5425,3267,24,833,9,0
9158,26350,4406,24,817,10,1
12248,17032,8453,36,484,15,1
9400,3198,1442,24,591,13,0
5170,28732,8597,12,634,7,1
11874,21626,4437,36,415,16,1
4255,21079,5435,12,348,17,1
3154,4452,8435,24,381,11,1
6499,10106,4107,24,632,16,1
8295,14859,560,12,634,13,1
8197,18692,8785,6,831,15,1
13383,21561,5548,24,520,13,1
11888,9705,1826,6,622,8,1
14183,11112,7629,24,302,3,1
14915,24236,8325,6,505,10,1
14874,23419,3138,6,339,5,1
3648,20978,7693,6,358,14,1
7539,5841,8264,12,806,4,1
11637,16358,7842,6,421,10,1
6199,2409,6721,6,778,17,1
14115,5566,7002,6,395,12,1
10445,12382,4225,24,713,10,1
13375,21875,2978,6,534,13,1
4557,18939,7373,24,361,17,1
7592,15596,5907,6,555,18,1
2098,1804,6097,6,647,14,1
4200,14221,5656,12,423,8,1
4961,2279,8984,24,781,7,1
6973,14192,4259,6,616,19,1
6433,8083,8286,24,803,0,1
13969,23370,5901,24,347,3,1
4869,23003,9325,36,708,13,1
13426,29153,4917,12,435,1,1
13983,12093,8429,12,500,15,1
2956,18771,2530,12,549,2,1
14259,13880,1960,36,613,7,1
10352,28337,7045,36,667,5,1
7699,16517,1048,12,728,15,1
8944,20063,5772,36,779,15,1
6493,3106,2529,36,613,6,0
11492,25557,2964,36,799,12,1
6911,17086,7137,12,654,12,1
5987,21607,963,12,784,4,1
11719,5831,536,12,510,19,0
8015,20152,7340,36,343,17,1
3218,29529,7179,12,840,14,1
6496,4186,7967,36,391,17,1
6735,28856,8734,6,564,1,1
13296,3573,845,36,519,9,0
12927,13808,5777,24,741,12,1
6555,3599,3036,12,700,17,0
11146,5033,5947,12,699,14,1
10050,9428,2494,24,789,11,1
14757,2304,2719,36,784,14,0
5446,29006,1884,6,769,12,1
3045,24752,4349,24,744,17,1
8893,23261,5179,24,568,14,1
3693,18685,6610,36,566,10,1
5436,19925,6430,12,353,18,1
10754,19435,7154,36,827,2,1
12677,24193,6488,24,819,6,1
7895,9633,4737,24,358,13,1
5354,27652,6525,12,339,13,1
2225,12372,3850,12,536,12,1
6893,28233,689,12,685,11,1
9022,29374,5175,36,599,8,1
11151,9996,8648,12,694,0,1
7600,17458,5078,24,506,18,1
14740,24365,5448,24,635,10,1
13259,27751,1179,6,813,18,1
9996,29500,9074,36,477,17,1
11007,27665,6406,6,695,11,1
14946,6475,8591,24,670,0,1
9683,25616,6907,6,617,18,1
6642,27657,8800,24,668,19,1
13312,8184,1638,6,683,16,0
9679,23180,5671,12,361,4,1
10208,24525,6928,6,804,2,1
9339,13875,1382,12,538,1,1
11435,2622,1403,12,494,2,0
4205,16988,9011,36,521,7,1
12716,9041,3292,12,360,15,1
3069,17725,9011,12,428,5,1
5444,29628,419,6,455,12,1
12757,19458,4517,24,677,15,1
3060,8992,3302,36,736,15,1
4327,16646,7857,12,506,2,1
5420,18029,9700,36,687,12,1
2301,5263,7870,6,779,13,1
14468,26185,5693,12,639,7,1
2606,15060,767,6,639,11,1
5170,23520,2044,36,503,7,1
2699,16156,1549,6,460,8,1
7088,9646,9956,36,839,0,1
11331,28529,6140,6,691,5,1
2190,27284,3716,36,833,18,1
12492,12664,4481,24,369,10,1
2980,3969,7898,6,704,10,1
4975,4028,6548,6,816,12,1
8102,25027,2293,24,419,10,1
3184,20065,4837,24,516,17,1
5327,4629,7758,6,355,14,1
5394,21609,6793,24,665,0,1
10319,4067,7638,12,803,6,1
12257,6941,7993,36,754,12,1
3816,18770,6007,36,403,11,1
7854,29352,5542,36,376,17,1
8709,20250,9092,12,529,18,1
2569,22172,6356,24,557,14,1
7442,12555,8433,24,563,7,1
3895,22874,7380,6,630,18,1
4733,14081,2385,24,481,9,1
5863,21508,4268,6,849,6,1
14913,25724,671,12,326,17,1
9455,21234,163,36,575,15,1
6014,22799,8656,36,598,19,1
13093,27634,4592,36,390,5,1
3686,25063,4795,24,779,8,1
5009,7819,4798,6,757,12,1
9806,26712,6036,6,750,7,1
2154,25762,2355,12,664,15,1
12729,12046,5887,24,650,12,1
3409,26826,7961,12,699,12,1
14249,18717,5827,6,552,16,1
2784,29769,8737,6,758,19,1
13367,21534,4719,36,798,4,1
10096,24150,593,24,807,16,1
9560,3711,4839,6,603,8,1
14533,5853,7394,36,800,1,1
9343,23596,9651,24,465,17,1
9206,24863,3493,12,714,8,1
7596,22792,6164,24,761,5,1
7801,27361,2672,24,413,10,1
4806,8715,4200,6,732,5,1
2537,9942,16,6,655,5,1
7986,16507,3191,24,506,12,1
3841,16826,392,6,534,10,1
12647,2762,8616,6,741,13,1
10716,16850,6272,6,654,1,1
8971,13112,571,36,814,7,1
7625,24485,3631,36,507,2,1
4950,25058,6172,24,424,2,1
9992,13652,9312,6,437,0,1
14323,7122,7177,36,638,18,1
6780,1481,8433,24,836,17,1
14307,15536,3897,6,367,16,1
4368,1153,8123,12,840,19,1
14039,8617,2279,6,682,12,0
8655,2524,8980,6,318,2,1
10173,3120,7451,36,749,0,1
6495,16048,8906,24,373,3,1
12893,3343,775,24,575,12,0
11163,6136,6869,36,347,16,1
8002,23144,2247,6,510,10,1
8614,2240,7088,12,839,1,0
11358,1060,78,6,490,15,0
7919,10130,8080,6,614,1,1
12966,19023,7099,12,412,18,1
12174,23569,3926,36,469,18,1
2853,13312,9047,24,767,15,1
6146,14350,7340,36,313,18,1
13928,25354,7083,36,587,8,1
5769,13418,6230,6,488,0,1
2574,29145,9223,24,454,9,1
13453,2252,4940,24,770,18,0
3148,21587,3271,36,374,0,1
8293,9363,3456,12,576,1,1
8457,10650,7788,36,642,15,1
9509,20933,8599,12,724,11,1
11907,21581,7650,24,810,7,1
6777,24393,2711,36,481,17,1
5854,24051,1668,6,757,1,1
4491,19706,147,36,363,12,1
12852,27212,6420,24,559,5,1
5124,28691,365,6,492,5,1
7691,17314,9866,6,705,8,1
5051,5090,4531,12,392,15,1
2004,7960,5330,6,729,10,1
7222,4004,5510,6,733,6,1
7315,22520,8754,36,703,9,1
6869,17713,8964,24,733,9,1
2876,4640,6493,12,411,19,1
11183,29470,5439,36,674,17,1
9027,25366,9765,6,358,19,1
6142,21491,6511,6,342,8,1
8966,2341,7504,12,506,14,1
9079,12855,1246,24,595,3,1
9987,25791,3839,12,417,7,1
8799,1338,8551,36,831,8,0
14556,6895,2376,12,521,12,1
6465,13254,3009,6,465,8,1
2635,20092,9154,36,455,3,1
3693,12344,1827,6,483,16,1
11874,2750,6979,24,389,15,1
6752,22988,9805,6,393,14,1
10311,3421,9832,6,312,2,1
2830,8119,8569,12,737,19,1
13867,26285,4285,6,837,4,1
7177,6319,6910,36,449,4,1
11561,16896,8561,36,307,19,1
10932,23993,2196,24,328,14,1
10308,22771,3747,36,595,17,1
7949,12918,8843,12,639,14,1
4838,29218,5978,24,738,1,1
3150,21377,5607,36,443,12,1
9560,26064,769,12,818,3,1
3931,25428,780,36,344,9,1
11204,14849,9908,36,538,12,1
3664,25622,6303,6,454,9,1
3081,28935,3983,36,480,8,1
14921,5873,9503,36,514,7,1
2512,5806,8714,12,387,2,1
13041,9592,521,12,555,15,1
9805,13182,9127,6,810,13,1
7237,23297,7569,36,372,8,1
2559,24508,5784,6,478,10,1
5672,20541,4583,36,511,2,1
14775,29921,5946,24,533,4,1
9404,17774,4941,24,764,9,1
5343,13045,6267,6,522,12,1
6070,5430,7128,6,563,3,1
14991,9820,2461,6,506,12,1
11662,25070,685,12,665,11,1
2580,5232,2160,12,575,4,1
9004,12122,7031,12,679,9,1
12486,16023,9759,6,608,8,1
10130,9007,5341,36,567,19,1
5147,18905,38,24,363,6,1
6249,10018,4875,6,649,1,1
3679,2500,1256,12,793,6,0
5506,7737,7697,12,822,7,1
9253,4294,2196,6,397,6,1
4744,22469,7165,6,370,13,1
13548,19803,301,12,663,18,1
14237,26510,7527,36,575,4,1
11435,20426,6381,12,349,17,1
7188,5497,646,12,657,19,1
13310,18850,9951,6,784,11,1
4141,20945,8789,36,383,16,1
13251,1614,8853,12,595,12,1
14740,22776,4330,12,535,1,1
13151,25077,9560,24,355,12,1
12457,10374,7003,6,659,6,1
8617,20607,3537,24,409,9,1
4479,24522,4558,24,491,5,1
8484,3667,6579,12,392,2,1
14838,25364,8474,6,359,2,1
11827,14409,9678,36,338,17,1
9421,17514,4082,12,839,10,1
11949,3983,4183,36,348,19,1
6452,21662,8652,36,719,4,1
12262,24510,3754,6,312,18,1
7881,13651,1724,24,335,18,1
8665,9230,1376,6,400,14,1
4849,25078,8706,36,385,15,1
13443,29535,8894,12,815,8,1
9390,7640,1653,36,522,3,1
8905,12779,2066,12,637,14,1
13922,22852,22,12,465,11,1
4489,16317,2460,6,682,2,1
11823,18304,5926,36,675,13,1
13008,8564,6251,24,770,16,1
11207,28345,9496,36,330,18,1
11540,16520,7295,36,674,5,1
6611,29687,3300,24,310,3,1
13279,26068,6279,6,601,6,1
4839,14737,8553,36,395,18,1
10527,10323,7353,36,489,16,1
7878,16229,3727,12,752,15,1
14784,12713,6272,36,491,14,1
11087,9502,5995,24,785,7,1
8303,26314,9476,12,565,18,1
13738,20625,514,6,723,7,1
2851,1545,448,12,427,17,1
3687,28037,6019,24,537,15,1
12123,5346,5343,24,654,19,1
8833,10996,8033,12,411,18,1
13938,28788,2520,6,745,9,1
4427,16775,3081,12,642,16,1
11760,14919,1428,6,444,12,1
6000,4810,3967,12,364,12,1
7052,8206,6445,24,546,6,1
4738,10005,9114,36,789,9,1
13690,17371,2159,36,738,1,1
7732,13316,5132,6,405,3,1
7387,19416,2547,6,480,5,1
10002,29989,2979,6,483,17,1
7536,9436,2649,24,525,5,1
5913,13984,8505,12,388,16,1
3066,1271,3083,24,829,13,0
9723,20895,1037,36,670,10,1
6380,19155,3489,6,698,18,1
12636,26838,7604,12,405,1,1
6107,11616,7544,36,570,2,1
7726,5361,2634,36,802,10,0
5373,8069,3983,36,824,5,1
14161,18304,1778,24,331,13,1
12738,25574,7902,6,692,18,1
10945,4430,5110,36,339,15,1
4082,21819,5189,6,517,6,1
12966,13676,7378,24,381,7,1
13088,11816,1124,36,500,18,1
14377,21144,697,24,746,19,1
10967,3050,2179,24,727,15,0
8748,12692,9596,6,337,6,1
11817,2165,5251,36,510,8,1
13261,25951,9235,24,743,12,1
2417,3033,1929,36,626,0,1
10306,23851,1013,6,526,7,1
10808,1145,226,24,347,3,0
5974,15269,7321,6,317,2,1
5267,21772,1828,36,738,2,1
2825,8832,7909,36,486,12,1
9668,26007,5588,6,644,7,1
7745,26280,2023,12,523,6,1
11708,25557,4966,24,787,0,1
13338,15286,5891,36,528,15,1
2412,3632,1080,36,689,5,1
9543,5494,5036,24,487,6,1
9587,16152,2563,6,569,11,1
2728,25440,3292,6,609,8,1
13540,24895,3586,6,431,10,1
9164,10155,4431,12,371,9,1
13000,11426,6841,12,486,0,1
10867,11233,6643,36,785,17,1
13657,2828,3959,6,490,3,0
7988,27684,161,24,721,4,1
4504,13260,593,36,419,8,1
4967,10130,3390,24,519,16,1
4786,5805,5997,36,352,2,1
3122,1806,6354,12,750,15,1
6079,27039,663,36,711,4,1
3571,24870,9324,12,536,15,1
7073,28991,541,36,705,2,1
7104,9202,5433,6,721,19,1
4143,2868,5093,24,546,14,1
11879,15561,867,6,371,2,1
8806,16512,8623,36,484,19,1
9357,25262,5469,36,305,13,1
14324,15899,6256,36,505,15,1
14043,23074,9398,12,843,16,1
5440,25211,1169,24,686,19,1
5766,17220,830,24,375,17,1
7644,16934,1651,36,476,17,1
12518,6429,1136,36,648,13,0
4914,10076,2810,12,554,17,1
6968,4564,8667,6,607,14,1
7917,2389,9518,6,644,14,1
14144,12593,1019,24,426,5,1
10787,8274,5237,12,586,14,1
2728,29897,1283,36,786,17,1
3365,18208,659,24,682,3,1
6492,19649,2010,12,705,7,1
2698,18320,8590,6,687,14,1
9186,28376,1733,12,824,2,1
2395,11745,2125,6,575,14,1
9400,23786,2171,12,799,12,1
10082,15199,8266,24,636,8,1
6171,21229,3471,6,780,1,1
6360,16876,9028,24,572,7,1
4502,19180,5624,24,357,19,1
12011,9245,8691,6,627,16,1
2717,8214,8329,6,408,12,1
4782,1726,2097,36,578,0,0
6946,20120,5068,36,627,1,1
13769,14832,6397,36,614,14,1
7486,12362,2757,24,773,11,1
10335,19297,3920,24,410,13,1
6980,27172,8186,36,528,1,1
13332,11106,1900,24,796,17,1
9266,8657,2610,24,455,6,1
6491,19850,6900,6,772,5,1
9192,28313,1449,6,571,13,1
13130,26425,8738,24,301,7,1
7588,27685,5017,36,810,1,1
9651,24696,7999,12,585,16,1
5636,15551,6052,36,312,4,1
13414,25578,2096,12,797,13,1
3167,29831,8895,36,537,19,1
12808,8906,6404,6,393,2,1
3062,29645,9817,24,637,4,1
4156,22260,3331,24,470,15,1
9860,8287,7462,6,766,17,1
7161,1892,5105,12,442,16,1
7305,11222,2978,12,500,10,1
13174,28736,2839,12,479,16,1
8541,27952,3384,6,663,15,1
13486,5675,685,12,778,1,0
6729,2933,7531,6,770,3,1
11348,18764,4283,36,683,6,1
9330,12873,7736,36,716,1,1
7334,18674,7710,6,607,5,1
10924,19024,1619,24,666,16,1
6330,14239,6868,36,300,6,1
10010,24874,1431,12,343,4,1
8801,11874,9067,6,397,4,1
6846,26563,4713,12,564,19,1
8731,18602,9557,12,439,15,1
9241,6016,9435,24,780,18,1
2953,24265,4998,12,536,8,1
4539,26931,162,24,371,4,1
9056,29841,1974,36,489,7,1
13516,14774,3291,6,567,8,1
13493,29711,8461,12,620,4,1
3542,10752,631,6,406,9,1
7293,26994,905,12,531,1,1
3191,18338,2014,6,341,8,1
8313,16585,9833,12,438,10,1
13185,26559,7896,12,572,3,1
8938,8291,204,12,780,1,0
4681,1974,581,12,715,5,0
11409,5133,5675,12,805,13,1
3540,15663,9032,12,723,0,1
8172,22754,5347,12,706,17,1
13428,4972,9911,12,689,6,1
7541,6295,2643,12,641,0,1
12578,14913,8017,6,792,0,1
13911,10105,2297,24,491,0,1
11580,9228,874,12,798,3,0
12048,28963,5560,24,532,3,1
3365,10903,689,12,526,17,1
10691,4020,4000,12,670,10,0
11872,9987,9614,6,438,0,1
10702,21420,671,36,448,9,1
9494,22452,7927,36,414,8,1
6312,13880,1171,6,749,3,1
3324,6233,5591,24,362,5,1
11347,28687,9135,36,403,15,1
12019,10516,6342,6,572,1,1
5141,15559,1449,6,305,17,1
9419,17701,2539,36,446,9,1
5486,3396,3959,24,483,16,1
3810,19546,6285,6,327,12,1
8588,20129,5432,12,849,17,1
4923,2591,4260,24,418,12,1
7301,12303,2361,24,592,16,1
12406,7183,6164,36,670,4,1
6186,21314,3670,36,543,10,1
10905,27572,1753,12,517,6,1
7977,2312,8100,6,476,9,1
13794,26861,1938,36,598,16,1
14326,21695,8562,36,357,14,1
13714,8314,5976,24,568,17,1
6268,19767,6588,36,607,18,1
6748,20623,8616,36,587,1,1
6849,3139,6304,36,404,3,1
11435,15688,7345,36,527,2,1
5709,19088,7875,24,546,6,1
11273,7924,9086,12,793,17,1
8619,1362,6633,12,382,9,1
10647,19988,597,6,485,6,1
11086,27292,3062,36,551,7,1
11576,14481,2336,24,654,5,1
12150,21670,9879,6,509,0,1
5072,4738,572,6,746,3,1
8530,3469,7521,12,759,13,1
12188,22179,6171,24,771,16,1
14477,23534,7097,24,669,19,1
2504,17106,2090,24,791,17,1
3214,17940,6566,12,436,10,1
3531,10017,4624,12,666,13,1
13632,3808,1633,12,483,8,0
9576,17370,1517,12,586,14,1
2823,22534,3648,12,771,11,1
2928,15870,1537,36,674,9,1
7029,13713,3137,36,836,18,1
2133,8561,6985,24,810,18,1
4105,3719,97,6,549,5,1
5627,23890,3750,24,809,19,1
14972,12700,8535,6,372,5,1
8316,4741,8174,12,581,7,1
3852,10766,8103,6,659,0,1
6910,4998,5413,24,309,16,1
6175,27705,4666,24,510,16,1
13125,19787,610,6,451,14,1
13476,28905,1727,36,304,6,1
14490,17077,1854,12,494,18,1
13003,26164,5055,12,582,2,1
7348,27588,2324,24,763,10,1
11442,27123,9369,36,412,19,1
13704,1294,9283,6,570,18,1
8190,11177,5774,12,462,8,1
3256,22727,6519,36,759,9,1
5376,28693,1749,12,404,1,1
7645,10882,781,36,581,0,1
5486,2136,7548,36,461,15,1
5584,3064,6823,24,650,17,1
11588,8009,2105,12,733,16,0
13829,13987,3867,6,439,5,1
10053,5543,7193,24,770,13,1
5330,2007,4976,24,431,14,1
4703,6445,2113,6,386,13,1
10662,11706,5879,24,482,2,1
10120,15749,3970,36,667,18,1
9114,12718,9259,36,428,11,1
3353,22736,7264,12,545,1,1
12975,10439,1577,12,677,2,1
13023,14281,9203,6,448,17,1
7063,29478,2274,12,732,0,1
10549,2435,4869,36,768,19,0
13211,1571,6744,6,745,5,0
9575,3382,2426,6,780,4,0
2667,26821,5546,12,593,0,1
6468,27660,6852,36,442,18,1
11337,6084,2551,6,549,0,1
8819,17661,6411,36,601,15,1
14377,14507,7,36,324,11,1
5719,8059,8087,36,369,7,1
4745,19271,2555,12,411,15,1
9483,13771,475,24,663,0,1
2539,18649,5416,24,602,3,1
12971,8491,8676,6,770,9,1
6964,15527,7239,36,390,10,1
14328,18424,6710,12,829,16,1
6835,15859,5000,36,491,6,1
5775,26493,4654,36,541,11,1
8042,9073,8078,12,437,6,1
9102,10077,6063,24,644,11,1
9312,20136,2285,36,479,14,1
7320,25597,5223,36,802,1,1
8132,21953,6971,24,502,13,1
9891,12383,3525,12,491,12,1
12700,17378,2822,6,304,3,1
4779,23737,4943,24,536,13,1
2924,3353,6530,6,610,13,1
13148,24821,258,6,848,15,1
3581,5799,282,24,355,6,1
9714,18070,1898,36,742,18,1
5324,25860,4135,6,536,1,1
14677,22195,6629,6,496,9,1
7713,12939,3200,12,813,17,1
9026,26338,5110,36,748,16,1
2255,22730,7167,6,659,4,1
6804,22427,612,12,329,11,1
3838,3428,687,36,407,5,1
12136,28083,3690,24,744,8,1
2009,22510,8804,24,737,19,1
4871,25604,2307,12,756,0,1
10989,26482,7133,24,794,14,1
9409,12296,6509,6,546,5,1
9418,8813,9973,36,842,18,1
7124,15414,5906,6,738,17,1
3015,29575,2591,6,577,5,1
12016,28570,7183,24,410,12,1
14661,28082,5248,6,684,0,1
13328,12801,8766,24,490,12,1
4193,12745,5108,36,789,6,1
10415,27029,3604,36,725,14,1
9449,14025,669,6,704,11,1
6158,4356,4364,12,634,0,1
5925,26091,7329,24,508,14,1
8970,15288,1283,24,321,3,1
8938,24650,923,6,507,12,1
6784,7540,1125,24,307,4,1
6000,17422,1529,24,828,1,1
3633,4342,9786,12,465,0,1
12344,10078,8438,12,795,15,1
9266,3844,3711,6,728,5,0
10702,11396,8004,12,462,15,1
2384,18482,9752,6,665,13,1
2404,24411,6274,36,825,2,1
10175,19207,3864,6,538,14,1
14805,28777,7833,36,371,2,1
14763,14998,6788,6,744,1,1
4000,14261,226,24,808,0,1
12948,20539,264,12,568,8,1
11860,4093,9587,36,714,8,1
7989,12722,645,6,544,6,1
3460,23042,7544,12,359,2,1
9190,21162,5569,6,305,17,1
9140,20280,2990,12,706,10,1
5636,12645,2504,12,516,6,1
12916,16083,9346,6,325,8,1
6809,29087,587,36,304,0,1
6178,1988,9177,36,831,13,1
9245,21500,4079,24,689,19,1
8600,7446,3348,12,747,5,1
7997,17335,6299,24,445,6,1
4048,29602,3831,24,687,9,1
14338,21563,9433,6,548,6,1
6780,17133,8381,6,825,1,1
2716,2682,9172,6,761,3,1
9939,6626,9890,12,312,16,1
7565,8424,1715,6,683,0,1
6544,13857,6450,6,698,9,1
6976,13155,5433,12,318,18,1
14775,18317,1098,12,790,14,1
12015,20982,7096,36,718,9,1
12273,12425,2326,6,636,18,1
5419,2980,9087,6,718,11,1
9239,16522,6416,6,421,15,1
11766,27431,6980,36,731,8,1
2249,20440,6763,6,343,14,1
10865,9984,1674,36,616,16,1
14725,18175,7950,24,680,13,1
12357,16883,9122,36,444,17,1
2770,27385,8915,24,626,1,1
14154,6390,6049,6,662,3,1
6363,24019,1089,24,349,17,1
12176,19639,4578,36,364,6,1
3077,20994,9127,12,654,12,1
10427,2607,155,24,463,14,0
10580,22563,9262,24,440,0,1
13229,7573,1958,6,427,10,1
9901,18368,6344,36,697,9,1
6858,6776,5779,24,762,4,1
12040,4676,6144,24,486,15,1
8544,4380,5063,24,489,10,1
6719,9711,3830,24,687,5,1
4814,9782,9046,12,728,8,1
5374,18434,8831,36,583,12,1
13470,14997,9794,6,536,7,1
3252,21017,6659,6,493,13,1
8996,7342,441,12,586,0,1
14173,18343,6040,36,435,16,1
6673,7059,5925,24,470,4,1
12314,9884,7358,12,458,1,1
6530,6655,4628,36,500,8,1
12342,13091,6370,24,786,3,1
8881,21857,9528,12,803,16,1
8949,20330,948,36,670,16,1
11521,16251,8179,6,402,17,1
8241,25109,6115,6,424,15,1
10017,1526,459,36,612,7,0
8941,4224,7568,6,757,10,1
11550,16069,4646,36,529,17,1
9002,27829,392,24,496,9,1
12674,12536,1787,36,722,12,1
14734,29541,7374,24,470,16,1
12209,14547,1138,12,681,17,1
3331,19259,4741,36,472,9,1
14536,2763,7418,12,752,15,0
6261,9712,6362,6,649,19,1
9648,6797,2454,24,793,4,0
11550,10208,9658,36,303,12,1
7115,24483,3674,12,392,17,1
6637,6109,1377,24,305,16,1
6854,24028,6701,24,587,8,1
5177,17500,2597,6,445,13,1
9730,3433,141,6,723,16,0
12320,22847,2659,24,756,3,1
4180,17967,4596,24,501,17,1
6892,25970,9031,36,511,19,1
9043,21172,5661,24,305,14,1
2137,28344,6142,36,675,10,1
8327,5167,5626,24,746,11,1
5472,29436,8787,6,405,8,1
7449,25849,8472,36,700,12,1
4832,27589,423,12,395,14,1
5579,18773,6999,6,687,14,1
7971,29142,4249,36,751,4,1
13223,9357,1750,36,715,18,0
6164,27143,4757,12,803,19,1
12785,7154,1967,36,753,13,0
9941,22804,4088,24,590,16,1
7569,9920,4178,12,833,17,1
6300,19427,7789,6,492,2,1
8269,21581,2946,6,449,1,1
5818,20880,9641,24,814,0,1
14330,18162,5394,6,692,9,1
14015,1213,7880,36,615,18,1
14234,4762,5075,36,375,16,1
3906,14399,7230,24,569,11,1
8254,10768,1531,6,524,0,1
2760,11640,2990,6,829,11,1
9830,7731,7155,24,412,16,1
9350,28512,4493,12,550,2,1
8238,20501,9335,6,532,10,1
8090,6791,933,12,382,16,1
13637,16822,1460,6,424,2,1
8031,9783,2723,6,474,7,1
9687,14621,285,6,368,19,1
11091,17019,264,6,346,3,1
14647,3720,6816,36,555,6,1
13139,9905,1762,12,329,13,1
11911,10127,40,12,580,13,1
10472,23431,5827,6,536,3,1
13458,29913,8259,6,547,15,1
3887,25416,987,12,667,0,1
5266,17385,7804,36,794,16,1
2666,7368,7789,24,324,9,1
6188,28424,5717,24,789,15,1
2671,15056,3198,12,793,15,1
12161,13236,5374,6,613,7,1
14348,19333,4790,6,674,6,1
8777,24116,7183,36,324,5,1
13314,15451,2524,24,633,15,1
9570,25217,9277,36,654,19,1
9956,18301,2479,24,415,15,1
7124,20558,9885,12,347,6,1
7585,11433,5154,24,398,8,1
14891,16525,778,36,758,13,1
6777,24398,9777,36,822,10,1
5900,1089,1492,36,704,13,0
8677,19093,660,12,513,6,1
8981,11361,1348,24,802,0,1
8376,17369,9491,24,747,12,1
2523,29814,7851,36,557,19,1
4393,4041,7156,24,420,2,1
13309,1105,2044,6,353,19,0
4593,10078,7368,6,630,3,1
12160,26003,3516,6,540,10,1
11945,19279,9250,24,829,1,1
9240,7090,9168,12,782,13,1
8937,25892,4577,12,486,11,1
12488,7082,727,12,561,16,0
8190,18018,7468,12,663,11,1
7240,2925,342,6,790,11,0
12453,19440,1447,6,730,0,1
12478,7917,6581,36,538,12,1
8493,20528,6317,24,603,13,1
14394,27846,526,24,597,1,1
4878,27015,6748,12,375,11,1
6143,1552,405,6,632,15,0
5644,26291,7986,12,773,3,1
6432,22767,9765,36,582,7,1
12247,4911,3740,24,371,1,1
14912,27289,1846,24,562,9,1
3276,4389,1478,12,311,8,1
7811,26683,771,36,440,14,1
12958,14629,5525,24,316,12,1
2302,29782,8770,36,362,16,1
2638,25826,193,36,552,15,1
2055,3430,2007,12,764,1,1
10717,27630,1185,6,675,19,1
14761,1458,2394,12,819,19,0
14315,14395,9984,6,389,13,1
10150,1207,9302,36,474,2,1
4125,1899,4005,6,375,11,1
13479,12653,7429,36,699,7,1
2364,28961,2261,24,370,1,1
8809,17405,3736,24,479,3,1
6621,9601,6716,24,423,13,1
7126,1894,4875,12,680,15,0
7122,1514,8921,12,592,18,1
3646,24678,4378,36,494,1,1
2918,22288,7815,24,527,11,1
4797,25251,3451,12,730,13,1
8506,5109,7616,24,735,5,1
7870,14258,9836,12,760,12,1
3531,16313,2800,6,320,3,1
10172,16349,8333,6,363,17,1
5345,8179,5410,24,464,11,1
9673,11326,1455,36,326,19,1
8949,12787,6892,12,610,18,1
8882,28532,5808,12,584,7,1
3906,2560,6796,6,580,6,1
5086,14612,4796,6,463,15,1
10152,18650,5093,36,523,18,1
7750,27745,1325,36,445,5,1
14772,21022,4976,36,329,19,1
12267,26325,9405,24,344,10,1
10905,20811,1159,6,770,4,1
3062,5780,4650,24,333,15,1
3976,19311,4987,6,726,6,1
3296,29380,4697,6,520,4,1
8229,12894,340,12,833,10,1
9641,3356,3828,6,666,14,0
2125,5790,1968,6,849,2,1
6632,27911,703,24,415,4,1
8288,17690,5482,6,538,4,1
5596,25363,6376,24,634,8,1
13475,21049,1800,36,740,14,1
8168,11181,5463,6,447,2,1
11795,8057,4912,6,308,5,1
9561,17082,4648,24,587,16,1
10258,1661,855,36,687,7,0
2232,5644,2866,12,349,10,1
12348,16711,182,36,816,5,1
11361,25887,3112,24,577,7,1
12350,3920,5670,36,599,9,1
8371,26658,4492,24,434,2,1
6206,17002,5823,24,446,13,1
11685,28547,1517,12,789,13,1
14910,15025,5002,6,777,9,1
9943,9946,1356,24,458,11,1
14199,29706,3629,24,683,5,1
8891,13732,3628,12,462,11,1
8738,7236,8210,24,740,13,1
4472,17309,6132,6,488,1,1
12852,23462,9324,12,714,8,1
4739,14518,6588,6,638,9,1
7401,1352,3311,6,480,16,0
3761,26478,6048,12,587,16,1
13706,29464,6246,24,486,2,1
12167,8005,987,6,437,18,1
12554,15036,3321,6,429,0,1
2876,17542,4615,6,493,11,1
5812,27553,8365,6,615,6,1
13640,1956,3741,12,443,3,0
11504,3071,3052,12,315,9,1
3460,9595,6574,36,601,12,1
12901,16140,726,36,722,1,1
12516,13803,3760,6,544,9,1
3733,28355,5806,24,406,3,1
3605,26963,1875,6,387,17,1
7622,4453,6993,24,428,4,1
8767,7675,4033,6,640,18,1
12755,1955,5443,36,303,1,1
13613,7295,989,36,626,11,0
8986,16921,3744,24,709,16,1
5517,19096,8611,6,605,9,1
12589,16282,593,24,524,1,1
5735,5703,1774,36,647,5,1
13062,7563,935,6,620,7,0
11352,26849,3808,6,480,18,1
10434,23015,331,24,685,10,1
4590,13003,7922,12,407,11,1
3063,11817,2702,24,830,8,1
6324,27958,5889,36,709,1,1
12787,27017,5054,36,595,7,1
11111,12171,3868,36,470,10,1
7342,27373,4200,36,630,3,1
2005,13582,201,36,792,9,1
9489,13201,2497,12,494,19,1
10659,18778,1842,6,311,15,1
14362,13473,9101,24,494,7,1
10195,10461,4658,24,789,3,1
7966,22116,7544,36,481,9,1
10837,21098,7718,24,615,11,1
2117,16596,770,36,329,13,1
13120,1529,3155,12,395,15,0
4551,29199,1628,12,680,17,1
7560,20342,386,6,743,11,1
6289,25288,6031,12,597,17,1
2846,28490,6439,12,660,6,1
12954,20975,6401,6,673,19,1
8316,27723,4008,24,602,6,1
8469,24279,2466,36,720,8,1
11333,13765,2282,36,545,0,1
12002,14910,1856,24,536,5,1
10915,12561,7980,6,833,5,1
2224,10131,1998,24,484,11,1
14819,1525,5476,12,767,11,0
6208,23861,9428,6,662,9,1
8283,17385,4669,6,582,5,1
14846,1374,9342,6,635,16,1
4048,27916,4318,36,461,18,1
8233,13197,7064,24,459,17,1
14941,28628,7446,6,773,5,1
14607,5648,1431,6,621,18,0
11765,3365,5624,6,311,9,1
3828,18909,7461,24,723,7,1
3917,2646,1819,36,372,5,1
6234,1013,1130,12,500,6,0
8988,5599,6563,36,821,0,1
4026,3278,2658,6,804,17,1
5744,15296,3500,36,338,19,1
11093,4155,8566,36,359,11,1
14977,9321,2120,12,620,15,1
12231,4814,4020,24,734,9,0
2009,14125,3259,24,707,9,1
2260,4216,1823,36,685,13,1
8038,28514,1474,36,377,19,1
11865,29504,2242,24,493,9,1
4219,27616,3243,24,584,9,1
9041,25603,6990,12,826,10,1
4060,3113,5160,6,823,1,1
7287,26828,3134,36,455,19,1
13905,21740,2070,24,639,7,1
3619,11238,359,36,424,6,1
10512,14760,1141,36,579,7,1
3342,22927,1635,24,427,0,1
12568,21939,4000,12,613,1,1
4832,29599,3361,36,631,17,1
4824,13588,6583,12,449,14,1
3994,24446,7835,24,753,0,1
13150,4374,6,6,335,4,0
12230,7430,3267,6,719,1,1
5490,20850,6564,36,321,19,1
13869,20465,9783,24,505,2,1
11310,12970,4928,12,655,18,1
9984,1629,2606,36,739,17,0
3604,17653,5906,24,395,17,1
14219,11831,3273,24,463,13,1
2235,27569,7611,12,447,7,1
12161,6724,913,36,829,11,0
14621,23281,2011,24,593,9,1
3908,12083,1442,24,494,19,1
10567,14149,5546,24,779,16,1
5530,20816,1829,12,422,10,1
7256,10472,8767,36,699,1,1
4635,7276,6468,36,751,3,1
10162,16635,929,36,403,0,1
11762,6895,3699,36,761,14,1
4560,14994,9655,6,695,12,1
7415,24499,1054,6,636,7,1
5391,24040,5744,36,441,3,1
13157,11552,1900,12,616,9,1
13835,17959,9649,6,826,18,1
